Tanggal,Jam,Tanggal Jam,Total Pasien,Sembuh,Meninggal,Self Isolation,Masih Perawatan,Belum Diketahui (masih verifikasi),Menunggu Hasil,Tenaga Kesehatan Terinfeksi,Positif Harian,Positif Aktif,Sembuh Harian,Tanpa Gejala,Bergejala,Belum Ada Data,,,,,,,,,,,,
3/1/2020,,3/1/2020 18:00,0,0,0,0,0,,,,0,0,0,,,,,,,,,,,,,,,
3/2/2020,,3/2/2020 18:00,0,0,0,0,0,,,,0,0,0,,,,,,,,,,,,,,,
3/3/2020,,3/3/2020 18:00,3,0,1,0,2,,,,3,2,0,,,,,,,,,,,,,,,
3/4/2020,,3/4/2020 18:00,3,0,1,0,2,,,,0,2,0,,,,,,,,,,,,,,,
3/5/2020,,3/5/2020 18:00,7,0,3,0,4,,,,4,4,0,,,,,,,,,,,,,,,
3/6/2020,,3/6/2020 18:00,7,0,3,0,4,,,,0,4,0,,,,,,,,,,,,,,,
3/7/2020,,3/7/2020 18:00,7,0,3,0,4,,,,0,4,0,,,,,,,,,,,,,,,
3/8/2020,,3/8/2020 18:00,7,0,3,0,4,,,,0,4,0,,,,,,,,,,,,,,,
3/9/2020,,3/9/2020 18:00,34,0,3,0,31,,,,27,31,0,,,,,,,,,,,,,,,
3/10/2020,,3/10/2020 18:00,34,0,3,0,31,,,,0,31,0,,,,,,,,,,,,,,,
3/11/2020,,3/11/2020 18:00,36,0,3,0,33,,,,2,33,0,,,,,,,,,,,,,,,
3/12/2020,,3/12/2020 18:00,62,0,5,0,57,,,,26,57,0,,,,,,,,,,,,,,,
3/13/2020,,3/13/2020 18:00,72,0,7,0,65,,,,10,65,0,,,,,,,,,,,,,,,
3/14/2020,,3/14/2020 18:00,79,0,9,0,70,,,,7,70,0,,,,,,,,,,,,,,,
3/15/2020,,3/15/2020 18:00,95,0,11,0,84,,,,16,84,0,,,,,,,,,,,,,,,
3/16/2020,,3/16/2020 18:00,97,0,12,7,78,,,,2,85,0,,,,,,,,,,,,,,,
3/17/2020,,3/17/2020 18:00,122,0,12,27,83,,,,25,110,0,,,,,,,,,,,,,,,
3/18/2020,,3/18/2020 18:00,160,12,15,42,91,,,,38,133,12,,,,,,,,,,,,,,,
3/19/2020,,3/19/2020 18:00,210,13,19,57,121,,,,50,178,1,,,,,,,,,,,,,,,
3/20/2020,18,3/20/2020 18:00,224,13,20,66,125,,345,25,14,191,0,,,,,,,,,,,,,,,
3/21/2020,8,3/21/2020 8:00,268,17,23,71,157,,375,28,44,228,4,,,,,,,,,,,,,,,
3/22/2020,8,3/22/2020 8:00,304,21,29,77,177,,393,37,36,254,4,,,,,,,,,,,,,,,
3/23/2020,8,3/23/2020 8:00,355,22,29,79,225,,431,42,51,304,1,,,,,,,,,,,,,,,
3/24/2020,18,3/24/2020 18:00,426,23,34,109,260,,445,44,71,369,1,,,,,,,,,,,,,,,
3/25/2020,18,3/25/2020 18:00,472,27,43,112,290,,479,47,46,402,4,,,,,,,,,,,,,,,
3/26/2020,18,3/26/2020 18:00,515,29,49,113,324,,,,43,437,2,,,,,,,,,,,,,,,
3/27/2020,18,3/27/2020 18:00,566,31,57,132,346,,,,51,478,2,,,,,,,,,,,,,,,
3/28/2020,18,3/28/2020 18:00,603,43,62,134,364,,,,37,498,12,,,,,,,,,,,,,,,
3/29/2020,18,3/29/2020 18:00,701,48,67,151,435,,,,98,586,5,,,,,,,,,,,,,,,
3/30/2020,18,3/30/2020 18:00,727,49,78,151,449,,,,26,600,1,,,,,,,,,,,,,,,
3/31/2020,18,3/31/2020 18:00,741,49,84,157,451,,,,14,608,0,,,,,,,,,,,,,,,
4/1/2020,18,4/1/2020 18:00,816,51,90,176,499,,,,75,675,2,,,,,,,,,,,,,,,
4/2/2020,18,4/2/2020 18:00,909,54,95,195,565,,,,93,760,3,,,,,,,,,,,,,,,
4/3/2020,8,4/3/2020 8:00,990,56,98,209,627,,,,81,836,2,,,,,,,,,,,,,,,
4/4/2020,18,4/4/2020 18:00,1071,58,99,223,691,,,,81,914,2,,,,,,,,,,,,,,,
4/5/2020,18,4/5/2020 18:00,1151,64,123,279,685,,,,80,964,6,,,,,,,,,,,,,,,
4/6/2020,18,4/6/2020 18:00,1299,68,131,317,783,,,,148,1100,4,,,,,,,,,,,,,,,
4/7/2020,18,4/7/2020 18:00,1443,69,141,338,895,,,,144,1233,1,,,,,,,,,,,,,,,
4/8/2020,18,4/8/2020 18:00,1552,75,144,357,976,,,,109,1333,6,,,,,,,,,,,,,,,
4/9/2020,18,4/9/2020 18:00,1719,82,155,405,1077,,,,167,1482,7,,,,,,,,,,,,,,,
4/10/2020,18,4/10/2020 18:00,1810,82,156,433,1139,,,,91,1572,0,,,,,,,,,,,,,,,
4/11/2020,8,4/11/2020 8:00,1903,142,168,441,1152,,,,93,1593,60,,,,,,,,,,,,,,,
4/12/2020,8,4/12/2020 8:00,2082,142,195,468,1277,,,,179,1745,0,,,,,,,,,,,,,,,
4/13/2020,8,4/13/2020 8:00,2242,142,209,521,1370,,,,160,1891,0,,,,,,,,,,,,,,,
4/14/2020,8,4/14/2020 8:00,2349,163,243,558,1385,,,,107,1943,21,,,,,,,,,,,,,,,
4/15/2020,8,4/15/2020 8:00,2447,164,246,613,1424,,,,98,2037,1,,,,,,,,,,,,,,,
4/16/2020,8,4/16/2020 8:00,2670,202,248,619,1601,,,,223,2220,38,,,,,,,,,,,,,,,
4/17/2020,8,4/17/2020 8:00,2823,203,250,643,1727,,,,153,2370,1,,,,,,,,,,,,,,,
4/18/2020,8,4/18/2020 8:00,2902,206,257,670,1769,,,,79,2439,3,,,,,,,,,,,,,,,
4/19/2020,8,4/19/2020 8:00,3033,207,292,695,1839,,,,131,2534,1,,,,,,,,,,,,,,,
4/20/2020,8,4/20/2020 8:00,3112,237,297,752,1826,,,,79,2578,30,,,,,,,,,,,,,,,
4/21/2020,8,4/21/2020 8:00,3279,286,305,753,1935,,,,167,2688,49,,,,,,,,,,,,,,,
4/22/2020,8,4/22/2020 8:00,3399,291,308,815,1985,,,,120,2800,5,,,,,,,,,,,,,,,
4/23/2020,8,4/23/2020 8:00,3506,292,316,888,2010,,,,107,2898,1,,,,,,,,,,,,,,,
4/24/2020,8,4/24/2020 8:00,3605,327,331,959,1988,,,,99,2947,35,,,,,,,,,,,,,,,
4/25/2020,8,4/25/2020 8:00,3681,334,350,1050,1947,,,,76,2997,7,,,,,,,,,,,,,,,
4/26/2020,8,4/26/2020 8:00,3746,338,357,1099,1952,,,,65,3051,4,,,,,,,,,,,,,,,
4/27/2020,8,4/27/2020 8:00,3832,338,375,1169,1950,,,,86,3119,0,,,,,,,,,,,,,,,
4/28/2020,8,4/28/2020 8:00,3950,341,379,1206,2024,,,,118,3230,3,,,,,,,,,,,,,,,
4/29/2020,8,4/29/2020 8:00,4033,412,381,1238,2002,,,,83,3240,71,,,,,,,,,,,,,,,
4/30/2020,8,4/30/2020 8:00,4138,412,381,1272,2073,,,,105,3345,0,,,,,,,,,,,,,,,
5/1/2020,8,5/1/2020 8:00,4283,427,393,1312,2151,,,,145,3463,15,,,,,,,,,,,,,,,
5/2/2020,8,5/2/2020 8:00,4355,562,400,1304,2089,,,,72,3393,135,,,,,,,,,,,,,,,
5/3/2020,8,5/3/2020 8:00,4417,622,410,1323,2062,,,,62,3385,60,,,,,,,,,,,,,,,
5/4/2020,8,5/4/2020 8:00,4472,650,412,1330,2080,,,,55,3410,28,,,,,,,,,,,,,,,
5/5/2020,8,5/5/2020 8:00,4641,711,414,1370,2146,,,,169,3516,61,,,,,,,,,,,,,,,
5/6/2020,8,5/6/2020 8:00,4709,713,420,1381,2195,,,,68,3576,2,,,,,,,,,,,,,,,
5/7/2020,8,5/7/2020 8:00,4775,718,430,1431,2196,,,,66,3627,5,,,,,,,,,,,,,,,
5/8/2020,8,5/8/2020 8:00,4901,763,431,1426,2281,,,,126,3707,45,,,,,,,,,,,,,,,
5/9/2020,8,5/9/2020 8:00,4958,767,437,1442,2312,,,,57,3754,4,,,,,,,,,,,,,,,
5/10/2020,8,5/10/2020 8:00,5140,803,444,1533,2360,,,,182,3893,36,,,,,,,,,,,,,,,
5/11/2020,8,5/11/2020 8:00,5195,836,453,1648,2258,,,,55,3906,33,,,,,,,,,,,,,,,
5/12/2020,8,5/12/2020 8:00,5303,1262,457,1741,1843,,,,108,3584,426,,,,,,,,,,,,,,,
5/13/2020,8,5/13/2020 8:00,5437,1277,461,1866,1833,,,,134,3699,15,,,,,,,,,,,,,,,
5/14/2020,8,5/14/2020 8:00,5617,1279,466,1995,1877,,,,180,3872,2,,,,,,,,,,,,,,,
5/15/2020,8,5/15/2020 8:00,5679,1286,474,2019,1900,,,,62,3919,7,,,,,,,,,,,,,,,
5/16/2020,8,5/16/2020 8:00,5795,1292,475,2120,1908,,,,116,4028,6,,,,,,,,,,,,,,,
5/17/2020,8,5/17/2020 8:00,5922,1295,478,2217,1932,,,,127,4149,3,,,,,,,,,,,,,,,
5/18/2020,8,5/18/2020 8:00,5996,1301,483,2266,1946,,,,74,4212,6,,,,,,,,,,,,,,,
5/19/2020,8,5/19/2020 8:00,6053,1417,487,2213,1936,,,,57,4149,116,,,,,,,,,,,,,,,
5/20/2020,8,5/20/2020 8:00,6150,1425,493,2263,1969,,,,97,4232,8,,,,,,,,,,,,,,,
5/21/2020,8,5/21/2020 8:00,6220,1536,498,2231,1955,,,,70,4186,111,,,,,,,,,,,,,,,
5/22/2020,8,5/22/2020 8:00,6316,1558,501,2282,1975,,,,96,4257,22,,,,,,,,,,,,,,,
5/23/2020,8,5/23/2020 8:00,6443,1587,504,2346,2006,,,,127,4352,29,,,,,,,,,,,,,,,
5/24/2020,8,5/24/2020 8:00,6561,1594,505,2431,2031,,,,118,4462,7,,,,,,,,,,,,,,,
5/25/2020,8,5/25/2020 8:00,6628,1648,506,2430,2044,,,,67,4474,54,,,,,,,,,,,,,,,
5/26/2020,8,5/26/2020 8:00,6689,1678,508,2459,2044,,,,61,4503,30,,,,,,,,,,,,,,,
5/27/2020,8,5/27/2020 8:00,6826,1698,510,2584,2034,,,,137,4618,20,,,,,,,,,,,,,,,
5/28/2020,8,5/28/2020 8:00,6929,1719,514,2641,2055,,,,103,4696,21,,,,,,,,,,,,,,,
5/29/2020,8,5/29/2020 8:00,7053,1807,517,2722,2007,,,,124,4729,88,,,,,,,,,,,,,,,
5/30/2020,8,5/30/2020 8:00,7151,2003,519,2781,1848,,,,98,4629,196,,,,,,,,,,,,,,,
5/31/2020,8,5/31/2020 8:00,7272,2102,520,2827,1823,,,,121,4650,99,,,,,,,,,,,,,,,
6/1/2020,8,6/1/2020 8:00,7383,2246,521,2822,1794,,,,111,4616,144,,,,,,,,,,,,,,,
6/2/2020,8,6/2/2020 8:00,7459,2405,525,2786,1743,,,,76,4529,159,,,,,,,,,,,,,,,
6/3/2020,8,6/3/2020 8:00,7539,2534,529,2777,1699,,,,80,4476,129,,,,,,,,,,,,,,,
6/4/2020,8,6/4/2020 8:00,7600,2607,530,2793,1670,,,,61,4463,73,,,,,,,,,,,,,,,
6/5/2020,8,6/5/2020 8:00,7684,2751,532,2768,1633,,,,84,4401,144,,,,,,,,,,,,,,,
6/6/2020,8,6/6/2020 8:00,7786,2840,535,2776,1635,,,,102,4411,89,,,,,,,,,,,,,,,
6/7/2020,8,6/7/2020 8:00,7946,3170,537,2794,1445,,,,160,4239,330,,,,,,,,,,,,,,,
6/8/2020,8,6/8/2020 8:00,8037,3205,538,2846,1448,,,,91,4294,35,,,,,,,,,,,,,,,
6/9/2020,8,6/9/2020 8:00,8276,3369,547,2918,1442,,,,239,4360,164,,,,,,,,,,,,,,,
6/10/2020,8,6/10/2020 8:00,8423,3517,551,2928,1427,,,,147,4355,148,,,,,,,,,,,,,,,
6/11/2020,8,6/11/2020 8:00,8552,3664,555,2887,1446,,,,129,4333,147,,,,,,,,,,,,,,,
6/12/2020,8,6/12/2020 8:00,8628,3780,561,2863,1424,,,,76,4287,116,,,,,,,,,,,,,,,
6/13/2020,8,6/13/2020 8:00,8748,3840,564,2925,1419,,,,120,4344,60,,,,,,,,,,,,,,,
6/14/2020,8,6/14/2020 8:00,8863,4091,571,2833,1368,,,,115,4201,251,,,,,,,,,,,,,,,
6/15/2020,8,6/15/2020 8:00,8968,4198,580,2800,1390,,,,105,4190,107,,,,,,,,,,,,,,,
6/16/2020,8,6/16/2020 8:00,9092,4329,583,2764,1416,,,,124,4180,131,,,,,,,,,,,,,,,
6/17/2020,8,6/17/2020 8:00,9209,4444,588,2775,1402,,,,117,4177,115,,,,,,,,,,,,,,,
6/18/2020,8,6/18/2020 8:00,9385,4592,594,2822,1377,,,,176,4199,148,,,,,,,,,,,,,,,
6/19/2020,8,6/19/2020 8:00,9525,4682,599,2862,1382,,,,140,4244,90,,,,,,,,,,,,,,,
6/20/2020,8,6/20/2020 8:00,9703,4821,603,2939,1340,,,,178,4279,139,,,,,,,,,,,,,,,
6/21/2020,8,6/21/2020 8:00,9830,5054,615,2874,1287,,,,127,4161,233,,,,,,,,,,,,,,,
6/22/2020,8,6/22/2020 8:00,9957,5128,618,2901,1310,,,,127,4211,74,,,,,,,,,,,,,,,
6/23/2020,8,6/23/2020 8:00,10123,5228,619,2957,1319,,,,166,4276,100,,,,,,,,,,,,,,,
6/24/2020,8,6/24/2020 8:00,10277,5322,628,2978,1349,,,,154,4327,94,,,,,,,,,,,,,,,
6/25/2020,8,6/25/2020 8:00,10472,5435,631,3068,1338,,,,195,4406,113,,,,,,,,,,,,,,,
6/26/2020,8,6/26/2020 8:00,10640,5542,632,3136,1330,,,,168,4466,107,,,,,,,,,,,,,,,
6/27/2020,8,6/27/2020 8:00,10853,5610,632,3256,1355,,,,213,4611,68,,,,,,,,,,,,,,,
6/28/2020,8,6/28/2020 8:00,10985,5865,635,3163,1322,,,,132,4485,255,,,,,,,,,,,,,,,
6/29/2020,8,6/29/2020 8:00,11080,6118,636,3299,1027,,,,95,4326,253,,,,,,,,,,,,,,,
6/30/2020,8,6/30/2020 8:00,11276,6512,641,3172,951,,,,196,4123,394,,,,,,,,,,,,,,,
7/1/2020,8,7/1/2020 8:00,11482,6680,644,3269,889,,,,206,4158,168,,,,,,,,,,,,,,,
7/2/2020,8,7/2/2020 8:00,11677,6871,646,3356,804,,,,195,4160,191,,,,,,,,,,,,,,,
7/3/2020,8,7/3/2020 8:00,11824,7109,648,3331,736,,,,147,4067,238,,,,,,,,,,,,,,,
7/4/2020,8,7/4/2020 8:00,12039,7377,650,3366,646,,,,215,4012,268,,,,,,,,,,,,,,,
7/5/2020,8,7/5/2020 8:00,12295,7663,658,3390,584,,,,256,3974,286,,,,,,,,,,,,,,,
7/6/2020,8,7/6/2020 8:00,12526,8033,658,3340,495,,,,231,3835,370,,,,,,,,,,,,,,,
7/7/2020,8,7/7/2020 8:00,12725,8277,664,3379,405,,,,199,3784,244,,,,,,,,,,,,,,,
7/8/2020,8,7/8/2020 8:00,13069,8429,667,3556,417,,,,344,3973,152,,,,,,,,,,,,,,,
7/9/2020,8,7/9/2020 8:00,13359,8647,677,3584,451,,,,290,4035,218,,,,,,,,,,,,,,,
7/10/2020,8,7/10/2020 8:00,13598,8825,684,3613,476,,,,239,4089,178,,,,,,,,,,,,,,,
7/11/2020,8,7/11/2020 8:00,13957,9040,690,3732,495,,,,359,4227,215,,,,,,,,,,,,,,,
7/12/2020,8,7/12/2020 8:00,14361,9200,702,3905,554,,,,404,4459,160,,,,,,,,,,,,,,,
7/13/2020,8,7/13/2020 8:00,14639,9408,710,3924,597,,,,278,4521,208,,,,,,,,,,,,,,,
7/14/2020,8,7/14/2020 8:00,14914,9528,714,4053,619,,,,275,4672,120,,,,,,,,,,,,,,,
7/15/2020,8,7/15/2020 8:00,15173,9721,720,4041,691,,,,259,4732,193,,,,,,,,,,,,,,,
7/16/2020,8,7/16/2020 8:00,15466,9857,722,4110,777,,,,293,4887,136,,,,,,,,,,,,,,,
7/17/2020,8,7/17/2020 8:00,15707,9994,731,4156,826,,,,241,4982,137,,,,,,,,,,,,,,,
7/18/2020,8,7/18/2020 8:00,16038,10117,740,4289,892,,,,331,5181,123,,,,,,,,,,,,,,,
7/19/2020,8,7/19/2020 8:00,16351,10444,748,4236,923,,,,313,5159,327,8503,5362,2486,,,,,,,,,,,,
7/20/2020,8,7/20/2020 8:00,16712,10602,749,4335,1026,,,,361,5361,158,8356,5760,2596,,,,,,,,,,,,
7/21/2020,8,7/21/2020 8:00,17153,10864,758,4458,1073,,,,441,5531,262,8577,5832,2744,,,,,,,,,,,,
7/22/2020,8,7/22/2020 8:00,17529,11187,766,4383,1193,,,,376,5576,323,8767,5962,2800,,,,,,,,,,,,
7/23/2020,8,7/23/2020 8:00,17945,11302,767,4675,1201,,,,416,5876,115,8770,6283,2892,,,,,,,,,,,,
7/24/2020,8,7/24/2020 8:00,18230,11585,768,4577,1300,,,,285,5877,283,8770,6283,3177,,,,,,,,,,,,
7/25/2020,8,7/25/2020 8:00,18623,11715,769,4729,1410,,,,393,6139,130,8939,6332,3352,,,,,,,,,,,,
7/26/2020,8,7/26/2020 8:00,19001,11889,779,4842,1491,,,,378,6333,174,9120,6460,3421,,,,,,,,,,,,
7/27/2020,8,7/27/2020 8:00,19473,11996,782,4993,1702,,,,472,6695,107,9348,6621,3504,,,,,,,,,,,,
7/28/2020,8,7/28/2020 8:00,19885,12373,795,4869,1848,,,,412,6717,377,9348,6621,3916,,,,,,,,,,,,
7/29/2020,8,7/29/2020 8:00,20470,12613,820,5093,1944,,,,585,7037,240,9620,6960,3890,,,,,,,,,,,,
7/30/2020,8,7/30/2020 8:00,20769,12801,821,5098,2049,,,,299,7147,188,9625,6854,4290,,,,,,,,,,,,
7/31/2020,8,7/31/2020 8:00,21201,13208,836,4974,2183,,,,432,7157,407,9753,6996,4452,,,,,,,,,,,,
8/1/2020,8,8/1/2020 8:00,21575,13887,852,4683,2153,,,,374,6836,679,9718,7110,4747,,,,,,,,,,,,
8/2/2020,8,8/2/2020 8:00,21954,14027,852,4916,2159,,,,379,7075,140,9879,7245,4830,,,,,,,,,,,,
8/3/2020,8,8/3/2020 8:00,22443,14165,867,5084,2327,,,,489,7411,138,10099,7406,4938,,,,,,,,,,,,
8/4/2020,8,8/4/2020 8:00,22909,14381,880,5216,2432,,,,466,7648,216,10079,7560,5270,,,,,,,,,,,,
8/5/2020,8,8/5/2020 8:00,23266,14760,895,5128,2483,,,,357,7611,379,10279,7617,5370,,,,,,,,,,,,
8/6/2020,8,8/6/2020 8:00,23863,15006,908,5397,2552,,,,597,7949,246,10450,7636,5777,,,,,,,,,,,,
8/7/2020,8,8/7/2020 8:00,24521,15201,922,5803,2595,,,,658,8398,195,10570,7836,6115,,,,,,,,,,,,
8/8/2020,8,8/8/2020 8:00,25242,15710,934,6110,2488,,,,721,8598,509,11106,8077,6059,,,,,,,,,,,,
8/9/2020,8,8/9/2020 8:00,25714,16268,939,6091,2416,,,,472,8507,558,14143,8077,3494,,,,,,,,,,,,
8/10/2020,8,8/10/2020 8:00,26193,16446,940,6252,2555,,,,479,8807,178,14400,8381,3412,,,,,,,,,,,,
8/11/2020,8,8/11/2020 8:00,26664,16927,953,6236,2548,,,,471,8784,481,14665,8532,3467,,,,,,,,,,,,
8/12/2020,8,8/12/2020 8:00,27242,17349,968,6208,2717,,,,578,8925,422,14983,8717,3542,,,,,,,,,,,,
8/13/2020,8,8/13/2020 8:00,27863,17838,981,6330,2714,,,,621,9044,489,15324,8916,3623,,,,,,,,,,,,
8/14/2020,8,8/14/2020 8:00,28438,18528,985,6331,2594,,,,575,8925,690,15324,8916,4198,,,,,,,,,,,,
8/15/2020,8,8/15/2020 8:00,29036,18974,991,6457,2614,,,,598,9071,446,16118,8992,3926,,,,,,,,,,,,
8/16/2020,8,8/16/2020 8:00,29554,19708,995,6284,2567,,,,518,8851,734,16250,9457,3847,,,,,,,,,,,,
8/17/2020,8,8/17/2020 8:00,30092,19916,1011,6514,2651,,,,538,9165,208,16551,9630,3911,,,,,,,,,,,,
8/18/2020,8,8/18/2020 8:00,30597,20505,1028,6602,2462,,,,505,9064,589,16820,9680,4097,,,,,,,,,,,,
8/19/2020,8,8/19/2020 8:00,31162,21069,1046,6488,2559,,,,565,9047,564,17099,9972,4091,,,,,,,,,,,,
8/20/2020,8,8/20/2020 8:00,31757,21795,1061,6357,2544,,,,595,8901,726,17300,10102,4355,,,,,,,,,,,,
8/21/2020,8,8/21/2020 8:00,32398,22228,1076,6518,2576,,,,641,9094,433,17500,10102,4796,,,,,,,,,,,,
8/22/2020,8,8/22/2020 8:00,32999,22877,1091,6269,2762,,,,601,9031,649,18100,10409,4490,,,,,,,,,,,,
8/23/2020,8,8/23/2020 8:00,33636,23567,1107,6040,2922,,,,637,8962,690,18399,10633,4604,,,,,,,,,,,,
8/24/2020,8,8/24/2020 8:00,34295,25463,1112,5090,2630,,,,659,7720,1896,18688,10874,4733,,,,,,,,,,,,
8/25/2020,8,8/25/2020 8:00,34931,25986,1129,5130,2686,,,,636,7816,523,18788,10913,5230,,,,,,,,,,,,
8/26/2020,8,8/26/2020 8:00,35642,26750,1144,4978,2770,,,,711,7748,764,19088,11113,5441,,,,,,,,,,,,
8/27/2020,8,8/27/2020 8:00,36462,28288,1147,4499,2528,,,,820,7027,1538,19308,11313,5841,,,,,,,,,,,,
8/28/2020,8,8/28/2020 8:00,37278,29169,1154,4128,2827,,,,816,6955,881,20500,11513,5265,,,,,,,,,,,,
8/29/2020,8,8/29/2020 8:00,38166,29768,1172,4414,2812,,,,888,7226,599,20991,11713,5462,,,,,,,,,,,,
8/30/2020,8,8/30/2020 8:00,39280,30134,1186,4945,3015,,,,1114,7960,366,21491,11827,5962,,,,,,,,,,,,
8/31/2020,8,8/31/2020 8:00,40309,30538,1202,5281,3288,,,,1029,8569,404,20500,12027,7782,,,,,,,,,,,,
9/1/2020,8,9/1/2020 8:00,41250,31267,1219,5423,3341,,,,941,8764,729,20500,12027,8723,,,,,,,,,,,,
9/2/2020,8,9/2/2020 8:00,42303,31741,1237,5757,3568,,,,1053,9325,474,23553,12327,6423,,,,,,,,,,,,
9/3/2020,8,9/3/2020 8:00,43709,32424,1253,6323,3709,,,,1406,10032,683,23953,12827,6929,,,,,,,,,,,,
9/4/2020,8,9/4/2020 8:00,44604,33260,1260,6257,3827,,,,895,10084,836,24507,13027,7070,,,,,,,,,,,,
9/5/2020,8,9/5/2020 8:00,45446,33991,1277,6501,3677,,,,842,10178,731,25000,14409,6037,,,,,,,,,,,,
9/6/2020,8,9/6/2020 8:00,46691,34738,1289,6582,4082,,,,1245,10664,747,25600,13941,7150,,,,,,,,,,,,
9/7/2020,8,9/7/2020 8:00,47796,35431,1318,6706,4341,,,,1105,11047,693,26005,14241,7550,,,,,,,,,,,,
9/8/2020,8,9/8/2020 8:00,48811,36451,1330,6598,4432,,,,1015,11030,1020,26005,14241,8565,,,,,,,,,,,,
9/9/2020,8,9/9/2020 8:00,49837,37245,1347,6691,4554,,,,1026,11245,794,27502,14441,7894,,,,,,,,,,,,
9/10/2020,8,9/10/2020 8:00,51287,38226,1365,6968,4728,,,,1450,11696,981,28502,14841,7944,,,,,,,,,,,,
9/11/2020,8,9/11/2020 8:00,52321,39115,1382,7143,4681,,,,1034,11824,889,28902,18741,4678,,,,,,,,,,,,
9/12/2020,8,9/12/2020 8:00,53761,40183,1404,7490,4684,,,,1440,12174,1068,29253,19041,5467,,,,,,,,,,,,
9/13/2020,8,9/13/2020 8:00,54864,41014,1410,7791,4649,,,,1103,12440,831,29553,19733,5578,,,,,,,,,,,,
9/14/2020,8,9/14/2020 8:00,55926,42325,1440,7530,4631,,,,1062,12161,1311,6885,1947,3329,,,,,,,,,,,,
9/15/2020,8,9/15/2020 8:00,56953,43306,1468,7711,4468,,,,1027,12179,981,7058,1947,3174,,,,,,,,,,,,
9/16/2020,8,9/16/2020 8:00,58458,44251,1498,7907,4802,,,,1505,12709,945,1673,6900,4136,,,,,,,,,,,,
9/17/2020,8,9/17/2020 8:00,59472,45207,1513,8013,4739,,,,1014,12752,956,6128,1749,4875,,,,,,,,,,,,
9/18/2020,8,9/18/2020 8:00,60875,46235,1535,8450,4655,,,,1403,13105,1028,6989,2638,3478,,,,,,,,,,,,
9/19/2020,8,9/19/2020 8:00,61807,47260,1546,8696,4305,,,,932,13001,1025,6296,5873,832,,,,,,,,,,,,
9/20/2020,8,9/20/2020 8:00,62886,49209,1561,8297,3819,,,,1079,12116,1949,6278,5301,537,,,,,,,,,,,,
9/21/2020,8,9/21/2020 8:00,64196,49630,1592,9225,3749,,,,1310,12974,421,6278,5301,1395,,,,,,,,,,,,
9/22/2020,8,9/22/2020 8:00,65318,50473,1624,9380,3841,,,,1122,13221,843,6871,4917,1433,,,,,,,,,,,,
9/23/2020,8,9/23/2020 8:00,66505,51578,1650,9611,3666,,,,1187,13277,1105,6278,5301,1698,,,,,,,,,,,,
9/24/2020,8,9/24/2020 8:00,67638,52742,1664,9714,3518,,,,1133,13232,1164,6555,4277,2400,,,,,,,,,,,,
9/25/2020,8,9/25/2020 8:00,68927,54352,1677,10027,2871,,,,1289,12898,1610,6334,4076,2488,,,,,,,,,,,,
9/26/2020,8,9/26/2020 8:00,70184,55350,1679,10594,2561,,,,1257,13155,998,7220,3550,2385,,,,,,,,,,,,
9/27/2020,8,9/27/2020 8:00,71370,56413,1692,10915,2350,,,,1186,13265,1063,6976,3738,2551,,,,,,,,,,,,
9/28/2020,8,9/28/2020 8:00,72177,57741,1704,10474,2258,,,,807,12732,1328,6678,5701,353,,,,,,,,,,,,
9/29/2020,8,9/29/2020 8:00,73309,58865,1718,10659,2067,,,,1132,12726,1124,7001,3226,2499,,,,,,,,,,,,
9/30/2020,8,9/30/2020 8:00,74368,60320,1731,10353,1964,,,,1059,12317,1455,5962,3124,3231,,,,,,,,,,,,
10/1/2020,8,10/1/2020 8:00,75521,61444,1737,10545,1795,,,,1153,12340,1124,5972,3826,2542,,,,,,,,,,,,
10/2/2020,8,10/2/2020 8:00,76619,62279,1740,10496,2104,,,,1098,12600,835,5932,3726,2942,,,,,,,,,,,,
10/3/2020,8,10/3/2020 8:00,77784,63286,1743,10652,2103,,,,1165,12755,1007,5773,3747,3235,,,,,,,,,,,,
10/4/2020,8,10/4/2020 8:00,79214,64319,1761,11091,2043,,,,1430,13134,1033,6329,3552,3253,,,,,,,,,,,,
10/5/2020,8,10/5/2020 8:00,80036,65295,1772,10912,2057,,,,822,12969,976,6565,3260,3144,,,,,,,,,,,,
10/6/2020,8,10/6/2020 8:00,81043,66315,1806,10787,2135,,,,1007,12922,1020,6714,3228,2980,,,,,,,,,,,,
10/7/2020,8,10/7/2020 8:00,82383,67310,1819,10807,2447,,,,1340,13254,995,6671,3465,3118,,,,,,,,,,,,
10/8/2020,8,10/8/2020 8:00,83392,68352,1838,10717,2485,,,,1009,13202,1042,7041,3280,2881,,,,,,,,,,,,
10/9/2020,8,10/9/2020 8:00,84364,69203,1860,10746,2555,,,,972,13301,851,7008,3362,2931,,,,,,,,,,,,
10/10/2020,8,10/10/2020 8:00,85617,70487,1877,10698,2555,,,,1253,13253,1284,6779,3164,3310,,,,,,,,,,,,
10/11/2020,8,10/11/2020 8:00,87006,71549,1901,10863,2693,,,,1389,13556,1062,6802,4018,2736,,,,,,,,,,,,
10/12/2020,8,10/12/2020 8:00,88174,72633,1922,10814,2805,,,,1168,13619,1084,6867,4160,2592,,,,,,,,,,,,
10/13/2020,8,10/13/2020 8:00,89228,73733,1944,10908,2643,,,,1054,13551,1100,7393,4150,2008,,,,,,,,,,,,
10/14/2020,8,10/14/2020 8:00,90266,74924,1961,10822,2559,,,,1038,13381,1191,7023,4633,1725,,,,,,,,,,,,
10/15/2020,8,10/15/2020 8:00,91337,75974,1984,10636,2743,,,,1071,13379,1050,6900,4804,1675,,,,,,,,,,,,
10/16/2020,8,10/16/2020 8:00,92382,76956,2008,10498,2920,,,,1045,13418,982,6753,5174,1491,,,,,,,,,,,,
10/17/2020,8,10/17/2020 8:00,93356,78062,2032,10591,2671,,,,974,13262,1106,6376,5611,1275,,,,,,,,,,,,
10/18/2020,8,10/18/2020 8:00,94327,79136,2051,10782,2358,,,,971,13140,1074,6505,5891,744,,,,,,,,,,,,
10/19/2020,8,10/19/2020 8:00,95253,80261,2064,10325,2603,,,,926,12928,1125,6185,5755,988,,,,,,,,,,,,
10/20/2020,8,10/20/2020 8:00,96217,81107,2086,10292,2732,,,,964,13024,846,6557,5747,720,,,,,,,,,,,,
10/21/2020,8,10/21/2020 8:00,97217,82178,2105,10273,2661,,,,1000,12934,1071,6577,5568,789,,,,,,,,,,,,
10/22/2020,8,10/22/2020 8:00,98206,83338,2120,9980,2768,,,,989,12748,1160,6530,5475,743,,,,,,,,,,,,
10/23/2020,8,10/23/2020 8:00,99158,84430,2138,9604,2986,,,,952,12590,1092,6366,5428,796,,,,,,,,,,,,
10/24/2020,8,10/24/2020 8:00,100220,85586,2153,9557,2924,,,,1062,12481,1156,5974,5541,966,,,,,,,,,,,,
10/25/2020,8,10/25/2020 8:00,100991,86815,2164,9151,2861,,,,771,12012,1229,6137,5091,784,,,,,,,,,,,,
10/26/2020,8,10/26/2020 8:00,101897,87977,2185,8960,2775,,,,906,11735,1162,6083,4900,752,,,,,,,,,,,,
10/27/2020,8,10/27/2020 8:00,102678,89060,2195,8743,2680,,,,781,11423,1083,5947,4834,642,,,,,,,,,,,,
10/28/2020,8,10/28/2020 8:00,103522,90157,2211,8438,2716,,,,844,11154,1097,5630,4955,569,,,,,,,,,,,,
10/29/2020,8,10/29/2020 8:00,104235,91235,2225,7951,2824,,,,713,10775,1078,5410,4478,887,,,,,,,,,,,,
10/30/2020,8,10/30/2020 8:00,104847,92312,2239,7457,2839,,,,612,10296,1077,5410,4478,408,,,,,,,,,,,,
10/31/2020,8,10/31/2020 8:00,105597,94434,2255,6524,2384,,,,750,8908,2122,4462,4446,0,,,,,,,,,,,,
11/1/2020,8,11/1/2020 8:00,106205,94819,2273,6935,2178,,,,608,9113,385,4106,4142,865,,,,,,,,,,,,
11/2/2020,8,11/2/2020 8:00,107229,95876,2291,7312,1750,,,,1024,9062,1057,3987,4258,817,,,,,,,,,,,,
11/3/2020,8,11/3/2020 8:00,107846,96902,2300,6844,1800,,,,617,8644,1026,3935,4108,601,,,,,,,,,,,,
11/4/2020,8,11/4/2020 8:00,108620,97833,2315,6665,1807,,,,774,8472,931,3627,4456,389,,,,,,,,,,,,
11/5/2020,8,11/5/2020 8:00,109411,98806,2331,6260,2014,,,,791,8274,973,3398,4262,614,,,,,,,,,,,,
11/6/2020,8,11/6/2020 8:00,110083,99830,2348,6050,1855,,,,672,7905,1024,3266,4257,382,,,,,,,,,,,,
11/7/2020,8,11/7/2020 8:00,111201,100816,2359,6159,1867,,,,1118,8026,986,3049,4205,772,,,,,,,,,,,,
11/8/2020,8,11/8/2020 8:00,112027,101791,2366,6338,1532,,,,826,7870,975,2640,3833,1397,,,,,,,,,,,,
11/9/2020,8,11/9/2020 8:00,112743,102844,2377,6050,1472,,,,716,7522,1053,3336,3628,558,,,,,,,,,,,,
11/10/2020,8,11/10/2020 8:00,113756,104144,2391,5724,1497,,,,1013,7221,1300,3213,3580,428,,,,,,,,,,,,
11/11/2020,8,11/11/2020 8:00,114343,105117,2403,5161,1662,,,,587,6823,973,2915,3518,390,,,,,,,,,,,,
11/12/2020,8,11/12/2020 8:00,115174,106189,2414,4878,1693,,,,831,6571,1072,2884,3204,483,,,,,,,,,,,,
11/13/2020,8,11/13/2020 8:00,116207,107147,2428,5028,1604,,,,1033,6632,958,2821,3193,618,,,,,,,,,,,,
11/14/2020,8,11/14/2020 8:00,117462,108209,2441,4710,2102,,,,1255,6812,1062,2714,3197,901,,,,,,,,,,,,
11/15/2020,8,11/15/2020 8:00,118627,109181,2448,4952,2046,,,,1165,6998,972,2556,3659,783,,,,,,,,,,,,
11/16/2020,8,11/16/2020 8:00,119633,110221,2455,4420,2537,,,,1006,6957,1040,2540,3784,633,,,,,,,,,,,,
11/17/2020,8,11/17/2020 8:00,120671,111096,2459,4355,2761,,,,1038,7116,875,2652,3732,732,,,,,,,,,,,,
11/18/2020,8,11/18/2020 8:00,121818,111948,2470,4619,2781,,,,1147,7400,852,2325,3757,1318,,,,,,,,,,,,
11/19/2020,8,11/19/2020 8:00,123003,112833,2484,4633,3053,,,,1185,7686,885,2788,4099,799,,,,,,,,,,,,
11/20/2020,8,11/20/2020 8:00,124243,113739,2501,4616,3387,,,,1240,8003,906,3024,4198,781,,,,,,,,,,,,
11/21/2020,8,11/21/2020 8:00,125822,114863,2515,5323,3121,,,,1579,8444,1124,3160,4255,1029,,,,,,,,,,,,
11/22/2020,8,11/22/2020 8:00,127164,115939,2531,5529,3165,,,,1342,8694,1076,3322,4550,822,,,,,,,,,,,,
11/23/2020,8,11/23/2020 8:00,128173,117003,2548,5592,3030,,,,1009,8622,1064,2816,4185,1621,,,,,,,,,,,,
11/24/2020,8,11/24/2020 8:00,129188,118062,2567,5518,3041,,,,1015,8559,1059,3438,4556,565,,,,,,,,,,,,
11/25/2020,8,11/25/2020 8:00,130461,119099,2584,6000,2778,,,,1273,8778,1037,3527,4520,731,,,,,,,,,,,,
11/26/2020,8,11/26/2020 8:00,131525,120287,2597,5876,2765,,,,1064,8641,1188,3710,4292,639,,,,,,,,,,,,
11/27/2020,8,11/27/2020 8:00,132961,121082,2614,6653,2612,,,,1436,9265,795,3711,4647,907,,,,,,,,,,,,
11/28/2020,8,11/28/2020 8:00,134331,122328,2632,6921,2450,,,,1370,9371,1246,3938,4524,909,,,,,,,,,,,,
11/29/2020,8,11/29/2020 8:00,135762,123163,2652,7608,2339,,,,1431,9947,835,3536,4544,1867,,,,,,,,,,,,
11/30/2020,8,11/30/2020 8:00,136861,124078,2671,7823,2289,,,,1099,10112,915,4307,5027,778,,,,,,,,,,,,
12/1/2020,8,12/1/2020 8:00,137919,125102,2689,7937,2191,,,,1058,10128,1024,2655,5973,1500,,,,,,,,,,,,
12/2/2020,8,12/2/2020 8:00,139085,126163,2710,8202,2010,,,,1166,10212,1061,1067,8586,559,,,,,,,,,,,,
12/3/2020,8,12/3/2020 8:00,140238,127136,2734,8155,2213,,,,1153,10368,973,1542,8082,744,,,,,,,,,,,,
12/4/2020,8,12/4/2020 8:00,141270,128051,2757,8073,2389,,,,1032,10462,915,2094,7764,604,,,,,,,,,,,,
12/5/2020,8,12/5/2020 8:00,142630,129067,2779,8623,2161,,,,1360,10784,1016,2622,7195,967,,,,,,,,,,,,
12/6/2020,8,12/6/2020 8:00,143961,130136,2799,8819,2207,,,,1331,11026,1069,2622,6359,2045,,,,,,,,,,,,
12/7/2020,8,12/7/2020 8:00,145427,131071,2823,9473,2060,,,,1466,11533,935,4058,6696,779,,,,,,,,,,,,
12/8/2020,8,12/8/2020 8:00,146601,132248,2842,9650,1861,,,,1174,11511,1177,4550,6276,685,,,,,,,,,,,,
12/9/2020,8,12/9/2020 8:00,147838,133318,2860,9703,1957,,,,1237,11660,1070,5308,6015,337,,,,,,,,,,,,
12/10/2020,8,12/10/2020 8:00,149018,134366,2880,9391,2381,,,,1180,11772,1048,4801,5773,1198,,,,,,,,,,,,
12/11/2020,8,12/11/2020 8:00,150250,135545,2902,9078,2725,,,,1232,11803,1179,5016,5939,848,,,,,,,,,,,,
12/12/2020,8,12/12/2020 8:00,151201,136489,2922,8822,2968,,,,951,11790,944,5189,5782,819,,,,,,,,,,,,
12/13/2020,8,12/13/2020 8:00,152499,137605,2941,8679,3274,,,,1298,11953,1116,4585,5653,1715,,,,,,,,,,,,
12/14/2020,8,12/14/2020 8:00,154065,138988,2963,8994,3120,,,,1566,12114,1383,3776,5697,2641,,,,,,,,,,,,
12/15/2020,8,12/15/2020 8:00,155122,140225,2990,8643,3264,,,,1057,11907,1237,5008,6217,682,,,,,,,,,,,,
12/16/2020,8,12/16/2020 8:00,156343,141365,3010,8263,3705,,,,1221,11968,1140,5054,6224,690,,,,,,,,,,,,
12/17/2020,8,12/17/2020 8:00,158033,142741,3027,7851,4414,,,,1690,12265,1376,5082,5985,1198,,,,,,,,,,,,
12/18/2020,8,12/18/2020 8:00,159620,143959,3048,7673,4940,,,,1587,12613,1218,4568,5792,2253,,,,,,,,,,,,
12/19/2020,8,12/19/2020 8:00,161519,145066,3068,8112,5273,,,,1899,13385,1107,5825,6099,1461,,,,,,,,,,,,
12/20/2020,8,12/20/2020 8:00,163111,146958,3087,8057,5009,,,,1592,13066,1892,6216,5831,1019,,,,,,,,,,,,
12/21/2020,8,12/21/2020 8:00,164577,148308,3097,8366,4806,,,,1466,13172,1350,6200,6046,926,,,,,,,,,,,,
12/22/2020,8,12/22/2020 8:00,165888,149691,3115,8620,4462,,,,1311,13082,1383,6119,6078,885,,,,,,,,,,,,
12/23/2020,8,12/23/2020 8:00,167842,151122,3130,8643,4947,,,,1954,13590,1431,6110,6391,1089,,,,,,,,,,,,
12/24/2020,8,12/24/2020 8:00,169775,152491,3146,8833,5305,,,,1933,14138,1369,6596,7011,531,,,,,,,,,,,,
12/25/2020,8,12/25/2020 8:00,171871,154242,3167,8720,5742,,,,2096,14462,1751,6206,6903,1353,,,,,,,,,,,,
12/26/2020,8,12/26/2020 8:00,173929,156798,3182,9439,4510,,,,2058,13949,2556,5885,6691,1373,,,,,,,,,,,,
12/27/2020,8,12/27/2020 8:00,175926,158615,3204,9655,4452,,,,1997,14107,1817,4651,6495,2961,,,,,,,,,,,,
12/28/2020,8,12/28/2020 8:00,177604,159878,3226,9919,4581,,,,1678,14500,1263,4046,6567,3887,,,,,,,,,,,,
12/29/2020,8,12/29/2020 8:00,179660,161337,3246,10018,5059,,,,2056,15077,1459,6545,7026,1506,,,,,,,,,,,,
12/30/2020,8,12/30/2020 8:00,181713,162911,3266,9882,5654,,,,2053,15536,1574,7010,7122,1404,,,,,,,,,,,,
12/31/2020,8,12/31/2020 8:00,183735,164881,3287,9746,5821,,,,2022,15567,1970,6069,6831,2667,,,,,,,,,,,,
1/1/2021,8,1/1/2021 8:00,185691,166512,3308,10082,5789,,,,1956,15871,1631,7785,6572,1514,,,,,,,,,,,,
1/2/2021,8,1/2/2021 8:00,187586,168781,3334,10872,4599,,,,1895,15471,2269,8034,6168,1269,,,,,,,,,,,,
1/3/2021,8,1/3/2021 8:00,189243,170510,3345,10978,4410,,,,1657,15388,1729,8035,6104,1249,,,,,,,,,,,,
1/4/2021,8,1/4/2021 8:00,191075,173036,3369,10371,4299,,,,1832,14670,2526,7364,6234,1072,,,,,,,,,,,,
1/5/2021,8,1/5/2021 8:00,192899,174131,3392,10897,4479,,,,1824,15376,1095,6820,6139,2417,,,,,,,,,,,,
1/6/2021,8,1/6/2021 8:00,195301,175441,3410,12196,4254,,,,2402,16450,1310,8688,7762,0,,,,,,,,,,,,
1/7/2021,8,1/7/2021 8:00,197699,176882,3435,12781,4601,,,,2398,17382,1441,7848,8006,1528,,,,,,,,,,,,
1/8/2021,8,1/8/2021 8:00,200658,179562,3463,13397,4236,,,,2959,17633,2680,7272,8628,1733,,,,,,,,,,,,
1/9/2021,8,1/9/2021 8:00,203411,181613,3485,13076,5237,,,,2753,18313,2051,6781,9628,1904,,,,,,,,,,,,
1/10/2021,8,1/10/2021 8:00,206122,184576,3517,13166,4863,,,,2711,18029,2963,6284,9914,1831,,,,,,,,,,,,
1/11/2021,8,1/11/2021 8:00,208583,187086,3551,13541,4405,,,,2461,17946,2510,5180,9246,3520,,,,,,,,,,,,
1/12/2021,8,1/12/2021 8:00,211252,188675,3589,14591,4397,,,,2669,18988,1589,6861,10618,1509,,,,,,,,,,,,
1/13/2021,8,1/13/2021 8:00,214728,191635,3634,15009,4450,,,,3476,19459,2960,6757,10186,2516,,,,,,,,,,,,
1/14/2021,8,1/14/2021 8:00,217893,193719,3675,15852,4647,,,,3165,20499,2084,5878,10055,4566,,,,,,,,,,,,
1/15/2021,8,1/15/2021 8:00,220434,195924,3710,15553,5247,,,,2541,20800,2205,5182,9366,6252,,,,,,,,,,,,
1/16/2021,8,1/16/2021 8:00,223970,198136,3745,17524,4565,,,,3536,22089,2212,6820,13159,2110,,,,,,,,,,,,
1/17/2021,8,1/17/2021 8:00,227365,201907,3779,16741,4938,,,,3395,21679,3771,7281,12302,2096,,,,,,,,,,,,
1/18/2021,8,1/18/2021 8:00,229726,204711,3815,16419,4781,,,,2361,21200,2804,7379,12474,1347,,,,,,,,,,,,
1/19/2021,8,1/19/2021 8:00,232289,209238,3836,14604,4611,,,,2563,19215,4527,7929,11280,6,,,,,,,,,,,,
1/20/2021,8,1/20/2021 8:00,236075,210983,3868,16389,4835,,,,3786,21224,1745,7496,12015,1713,,,,,,,,,,,,
1/21/2021,8,1/21/2021 8:00,239226,213570,3900,16966,4790,,,,3151,21756,2587,8865,10856,2035,,,,,,,,,,,,
1/22/2021,8,1/22/2021 8:00,243018,215719,3940,17752,5607,,,,3792,23359,2149,9171,11421,2767,,,,,,,,,,,,
1/23/2021,8,1/23/2021 8:00,246303,219287,3980,18657,4379,,,,3285,23036,3568,7706,10272,5058,,,,,,,,,,,,
1/24/2021,8,1/24/2021 8:00,249815,221567,4024,19554,4670,,,,3512,24224,2280,8723,13240,2261,,,,,,,,,,,,
1/25/2021,8,1/25/2021 8:00,252266,224071,4063,19869,4263,,,,2451,24132,2504,8589,14100,1443,,,,,,,,,,,,
1/26/2021,8,1/26/2021 8:00,254580,227010,4108,19432,4030,,,,2314,23462,2939,8165,13551,1746,,,,,,,,,,,,
1/27/2021,8,1/27/2021 8:00,256416,229981,4134,18528,3773,,,,1836,22301,2971,7212,13819,1270,,,,,,,,,,,,
1/28/2021,8,1/28/2021 8:00,259305,232701,4185,18473,3946,,,,2889,22419,2720,6806,13859,1754,,,,,,,,,,,,
1/29/2021,8,1/29/2021 8:00,262753,235140,4224,19381,4008,,,,3448,23389,2439,6741,14531,2117,,,,,,,,,,,,
1/30/2021,8,1/30/2021 8:00,266244,238395,4254,20539,3056,,,,3491,23595,3255,7498,13874,2223,,,,,,,,,,,,
1/31/2021,8,1/31/2021 8:00,269718,242069,4267,19272,4110,,,,3474,23382,3674,8724,12104,2554,,,,,,,,,,,,
2/1/2021,8,2/1/2021 8:00,273332,244202,4337,19824,4969,,,,3614,24793,2133,8474,11274,5045,,,,,,,,,,,,
2/2/2021,8,2/2/2021 8:00,276694,248515,4379,18925,4875,,,,3362,23800,4313,6725,10372,6703,,,,,,,,,,,,
2/3/2021,8,2/3/2021 8:00,280261,249810,4420,21863,4168,,,,3567,26031,1295,9409,14435,2187,,,,,,,,,,,,
2/4/2021,8,2/4/2021 8:00,283893,254155,4461,20419,4858,,,,3632,25277,4345,7759,12670,4848,,,,,,,,,,,,
2/5/2021,8,2/5/2021 8:00,287233,256702,4502,21191,4838,,,,3340,26029,2547,9050,15663,1316,,,,,,,,,,,,
2/6/2021,8,2/6/2021 8:00,289612,261027,4541,19325,4719,,,,2379,24044,4325,7093,15579,1372,,,,,,,,,,,,
2/7/2021,8,2/7/2021 8:00,293825,265369,4587,17958,5911,,,,4213,23869,4342,5882,15947,2040,,,,,,,,,,,,
2/8/2021,8,2/8/2021 8:00,296969,268785,4631,17766,5787,,,,3144,23553,3416,4966,14527,4060,,,,,,,,,,,,
2/9/2021,8,2/9/2021 8:00,300406,271573,4681,18174,5978,,,,3437,24152,2788,4266,13500,6386,,,,,,,,,,,,
2/10/2021,8,2/10/2021 8:00,303715,274817,4725,16676,7497,,,,3309,24173,3244,3260,12165,8748,,,,,,,,,,,,
2/11/2021,8,2/11/2021 8:00,306229,278822,4748,14119,8540,,,,2514,22659,4005,2149,11293,9217,,,,,,,,,,,,
2/12/2021,8,2/12/2021 8:00,310039,284579,4798,10774,9888,,,,3810,20662,5757,683,8683,11296,,,,,,,,,,,,
2/13/2021,8,2/13/2021 8:00,313057,289189,4850,9644,9374,,,,3018,19018,4610,672,7586,10760,,,,,,,,,,,,
2/14/2021,8,2/14/2021 8:00,315553,293538,4895,9017,8103,,,,2496,17120,4349,1587,7605,7928,,,,,,,,,,,,
2/15/2021,8,2/15/2021 8:00,317432,295623,4940,8881,7988,,,,1879,16869,2085,3876,11955,1038,,,,,,,,,,,,
2/16/2021,8,2/16/2021 8:00,319293,297695,4987,9042,7569,,,,1861,16611,2072,3419,10799,2393,,,,,,,,,,,,
2/17/2021,8,2/17/2021 8:00,320738,299795,5026,8467,7450,,,,1445,15917,2100,2770,9442,3705,,,,,,,,,,,,
2/18/2021,8,2/18/2021 8:00,321111,302451,5044,7067,6549,,,,373,13616,2656,3272,10070,274,,,,,,,,,,,,
2/19/2021,8,2/19/2021 8:00,323031,304995,5081,7323,5632,,,,1920,12955,2544,2840,8527,1588,,,,,,,,,,,,
2/20/2021,8,2/20/2021 8:00,325903,307759,5121,7165,5858,,,,2872,13023,2764,2589,8729,1705,,,,,,,,,,,,
2/21/2021,8,2/21/2021 8:00,328623,310412,5172,7137,5902,,,,2720,13039,2653,1673,7851,3515,,,,,,,,,,,,
2/22/2021,8,2/22/2021 8:00,331094,312748,5206,7528,5612,,,,2471,13140,2336,1156,6465,5519,,,,,,,,,,,,
2/23/2021,8,2/23/2021 8:00,331876,314563,5248,7126,4939,,,,782,12065,1815,605,5070,6390,,,,,,,,,,,,
2/24/2021,8,2/24/2021 8:00,332658,317003,5301,6008,4346,,,,782,10354,2440,75,3217,7062,,,,,,,,,,,,
2/25/2021,8,2/25/2021 8:00,334239,319326,5346,5499,4068,,,,1581,9567,2323,2476,4621,2470,,,,,,,,,,,,
2/26/2021,8,2/26/2021 8:00,335900,321038,5385,5560,3917,,,,1661,9477,1712,1684,3764,4029,,,,,,,,,,,,
2/27/2021,8,2/27/2021 8:00,337637,322285,5439,5885,4028,,,,1737,9913,1247,825,3628,5460,,,,,,,,,,,,
2/28/2021,8,2/28/2021 8:00,339735,323892,5478,5940,4425,,,,2098,10365,1607,161,3263,6941,,,,,,,,,,,,
3/1/2021,8,3/1/2021 8:00,341793,326509,5528,5891,3865,,,,2058,9756,2617,2380,6023,1353,,,,,,,,,,,,
3/2/2021,8,3/2/2021 8:00,342371,328526,5568,5072,3205,,,,578,8277,2017,1581,4543,2153,,,,,,,,,,,,
3/3/2021,8,3/3/2021 8:00,343808,331016,5613,3742,3437,,,,1437,7179,2490,671,3358,3150,,,,,,,,,,,,
3/4/2021,8,3/4/2021 8:00,345816,332758,5657,3940,3461,,,,2008,7401,1742,650,2614,4137,,,,,,,,,,,,
3/5/2021,8,3/5/2021 8:00,346975,334100,5702,4026,3147,,,,1159,7173,1342,376,2138,4659,,,,,,,,,,,,
3/6/2021,8,3/6/2021 8:00,348591,335617,5748,4228,2998,,,,1616,7226,1517,384,2191,4651,,,,,,,,,,,,
3/7/2021,8,3/7/2021 8:00,350425,337426,5790,4194,3015,,,,1834,7209,1809,1409,3661,2139,,,,,,,,,,,,
3/8/2021,8,3/8/2021 8:00,352208,338931,5838,4494,2945,,,,1783,7439,1505,2448,4991,0,,,,,,,,,,,,
3/9/2021,8,3/9/2021 8:00,353075,340587,5883,3856,2749,,,,867,6605,1656,1892,4186,527,,,,,,,,,,,,
3/10/2021,8,3/10/2021 8:00,354115,341398,5923,3691,3103,,,,1040,6794,811,1573,3787,1434,,,,,,,,,,,,
3/11/2021,8,3/11/2021 8:00,355869,342306,5943,4253,3367,,,,1754,7620,908,1577,4749,1294,,,,,,,,,,,,
3/12/2021,8,3/12/2021 8:00,357742,343351,5969,4670,3752,,,,1873,8422,1045,1186,4729,2507,,,,,,,,,,,,
3/13/2021,8,3/13/2021 8:00,358776,345202,5991,4226,3357,,,,1034,7583,1851,1670,5243,670,,,,,,,,,,,,
3/14/2021,8,3/14/2021 8:00,359980,347210,6026,3443,3301,,,,1204,6744,2008,1195,4071,1478,,,,,,,,,,,,
3/15/2021,8,3/15/2021 8:00,361535,349002,6038,3485,3010,,,,1555,6495,1792,1272,4142,1081,,,,,,,,,,,,
3/16/2021,8,3/16/2021 8:00,362370,350561,6062,2996,2751,,,,835,5747,1559,832,3301,1614,,,,,,,,,,,,
3/17/2021,8,3/17/2021 8:00,363700,351680,6077,2907,3036,,,,1330,5943,1119,573,2972,2398,,,,,,,,,,,,
3/18/2021,8,3/18/2021 8:00,365419,352827,6100,3273,3219,,,,1719,6492,1147,246,2705,3541,,,,,,,,,,,,
3/19/2021,8,3/19/2021 8:00,367007,354036,6120,3483,3368,,,,1588,6851,1209,1150,4749,952,,,,,,,,,,,,
3/20/2021,8,3/20/2021 8:00,368944,355221,6143,3894,3686,,,,1937,7580,1185,831,4635,2114,,,,,,,,,,,,
3/21/2021,8,3/21/2021 8:00,370582,357100,6160,3859,3463,,,,1638,7322,1879,551,3608,3163,,,,,,,,,,,,
3/22/2021,8,3/22/2021 8:00,372056,358826,6179,3775,3276,,,,1474,7051,1726,1404,4804,843,,,,,,,,,,,,
3/23/2021,8,3/23/2021 8:00,372871,360479,6206,3107,3079,,,,815,6186,1653,934,3766,1486,,,,,,,,,,,,
3/24/2021,8,3/24/2021 8:00,373761,362248,6224,2650,2639,,,,890,5289,1769,595,2663,2031,,,,,,,,,,,,
3/25/2021,8,3/25/2021 8:00,375487,362975,6241,3222,3049,,,,1726,6271,727,536,2664,3071,,,,,,,,,,,,
3/26/2021,8,3/26/2021 8:00,376868,363599,6260,3629,3380,,,,1381,7009,624,1476,4650,883,,,,,,,,,,,,
3/27/2021,8,3/27/2021 8:00,378222,364251,6281,3932,3758,,,,1354,7690,652,1269,4639,1782,,,,,,,,,,,,
3/28/2021,8,3/28/2021 8:00,379692,365592,6304,3966,3830,,,,1470,7796,1341,906,4259,2631,,,,,,,,,,,,
3/29/2021,8,3/29/2021 8:00,380706,366615,6324,4034,3733,,,,1014,7767,1023,1697,5326,744,,,,,,,,,,,,
3/30/2021,8,3/30/2021 8:00,381090,367819,6327,3419,3525,,,,384,6944,1204,1250,4576,1118,,,,,,,,,,,,
3/31/2021,8,3/31/2021 8:00,382055,369007,6341,3028,3679,,,,965,6707,1188,1005,3961,1741,,,,,,,,,,,,
4/1/2021,8,4/1/2021 8:00,383392,369929,6344,3447,3672,,,,1337,7119,922,705,4175,2239,,,,,,,,,,,,
4/2/2021,8,4/2/2021 8:00,384632,371254,6351,3433,3594,,,,1240,7027,1325,1069,5153,805,,,,,,,,,,,,
4/3/2021,8,4/3/2021 8:00,385730,372494,6356,3317,3563,,,,1098,6880,1240,727,4644,1509,,,,,,,,,,,,
4/4/2021,8,4/4/2021 8:00,386466,373565,6360,3149,3392,,,,736,6541,1071,443,4112,1986,,,,,,,,,,,,
4/5/2021,8,4/5/2021 8:00,386989,374542,6372,2771,3304,,,,523,6075,977,310,3452,2313,,,,,,,,,,,,
4/6/2021,8,4/6/2021 8:00,387476,375080,6379,2705,3312,,,,487,6017,538,177,3184,2656,,,,,,,,,,,,
4/7/2021,8,4/7/2021 8:00,388338,375651,6391,2814,3482,,,,862,6296,571,868,4884,544,,,,,,,,,,,,
4/8/2021,8,4/8/2021 8:00,389577,376270,6410,3244,3653,,,,1239,6897,619,882,4700,1315,,,,,,,,,,,,
4/9/2021,8,4/9/2021 8:00,390590,376959,6424,3506,3701,,,,1013,7207,689,2071,4551,585,,,,,,,,,,,,
4/10/2021,8,4/10/2021 8:00,391567,377797,6435,3716,3619,,,,977,7335,838,1890,4165,1280,,,,,,,,,,,,
4/11/2021,8,4/11/2021 8:00,392598,379210,6450,3617,3321,,,,1031,6938,1413,939,4107,1892,,,,,,,,,,,,
4/12/2021,8,4/12/2021 8:00,393290,380560,6459,3324,2947,,,,692,6271,1350,1973,3777,521,,,,,,,,,,,,
4/13/2021,8,4/13/2021 8:00,394118,381449,6482,3326,2861,,,,828,6187,889,1902,3467,818,,,,,,,,,,,,
4/14/2021,8,4/14/2021 8:00,394779,382091,6489,3338,2861,,,,661,6199,642,1780,3178,1241,,,,,,,,,,,,
4/15/2021,8,4/15/2021 8:00,396109,382617,6504,3921,3067,,,,1330,6988,526,5357,745,886,,,,,,,,,,,,
4/16/2021,8,4/16/2021 8:00,397088,383655,6513,3607,3313,,,,979,6920,1038,1042,4370,1508,,,,,,,,,,,,
4/17/2021,8,4/17/2021 8:00,398125,384652,6520,3512,3441,,,,1037,6953,997,3509,1306,2138,,,,,,,,,,,,
4/18/2021,8,4/18/2021 8:00,399075,385615,6536,3313,3611,,,,950,6924,963,305,1481,5138,,,,,,,,,,,,
4/19/2021,8,4/19/2021 8:00,400048,386606,6558,3218,3666,,,,973,6884,991,2401,3843,640,,,,,,,,,,,,
4/20/2021,8,4/20/2021 8:00,400508,387507,6569,2945,3487,,,,460,6432,901,1593,3908,931,,,,,,,,,,,,
4/21/2021,8,4/21/2021 8:00,401110,388083,6587,2954,3486,,,,602,6440,576,1179,3865,1396,,,,,,,,,,,,
4/22/2021,8,4/22/2021 8:00,402376,388735,6596,3497,3548,,,,1266,7045,652,1136,5043,866,,,,,,,,,,,,
4/23/2021,8,4/23/2021 8:00,403260,389445,6612,3584,3619,,,,884,7203,710,872,4778,1553,,,,,,,,,,,,
4/24/2021,8,4/24/2021 8:00,404167,390334,6623,3563,3647,,,,907,7210,889,697,4296,2217,,,,,,,,,,,,
4/25/2021,8,4/25/2021 8:00,405063,391301,6645,3399,3718,,,,896,7117,967,1329,5213,575,,,,,,,,,,,,
4/26/2021,8,4/26/2021 8:00,405812,392595,6660,3152,3405,,,,749,6557,1294,1112,4478,967,,,,,,,,,,,,
4/27/2021,8,4/27/2021 8:00,406205,393205,6679,2999,3322,,,,393,6321,610,1327,4760,234,,,,,,,,,,,,
4/28/2021,8,4/28/2021 8:00,406844,393814,6690,2950,3390,,,,639,6340,609,1208,4391,741,,,,,,,,,,,,
4/29/2021,8,4/29/2021 8:00,407831,394403,6710,3308,3410,,,,987,6718,589,1012,4320,1386,,,,,,,,,,,,
4/30/2021,8,4/30/2021 8:00,408620,394939,6733,3421,3527,,,,789,6948,536,1209,5210,529,,,,,,,,,,,,
5/1/2021,8,5/1/2021 8:00,409546,395644,6747,3533,3622,,,,926,7155,705,1039,4940,1176,,,,,,,,,,,,
5/2/2021,8,5/2/2021 8:00,410400,396594,6767,3450,3589,,,,854,7039,950,842,4574,1623,,,,,,,,,,,,
5/3/2021,8,5/3/2021 8:00,411157,397349,6788,3483,3537,,,,757,7020,755,1349,5473,198,,,,,,,,,,,,
5/4/2021,8,5/4/2021 8:00,411573,397955,6807,3247,3564,,,,416,6811,606,1182,5158,471,,,,,,,,,,,,
5/5/2021,8,5/5/2021 8:00,412418,398610,6830,3240,3738,,,,845,6978,655,1102,4909,967,,,,,,,,,,,,
5/6/2021,8,5/6/2021 8:00,413323,399224,6850,3406,3843,,,,905,7249,614,1172,5489,588,,,,,,,,,,,,
5/7/2021,8,5/7/2021 8:00,414106,399821,6872,3485,3928,,,,783,7413,597,1131,5192,1090,,,,,,,,,,,,
5/8/2021,8,5/8/2021 8:00,414838,400403,6896,3569,3970,,,,732,7539,582,947,5022,1570,,,,,,,,,,,,
5/9/2021,8,5/9/2021 8:00,415647,401114,6911,3648,3974,,,,809,7622,711,836,4763,2023,,,,,,,,,,,,
5/10/2021,8,5/10/2021 8:00,416341,401744,6933,3723,3941,,,,694,7664,630,1482,5810,372,,,,,,,,,,,,
5/11/2021,8,5/11/2021 8:00,416747,402374,6952,3490,3931,,,,406,7421,630,1340,5531,550,,,,,,,,,,,,
5/12/2021,8,5/12/2021 8:00,417403,403039,6973,3402,3989,,,,656,7391,665,1176,5298,917,,,,,,,,,,,,
5/13/2021,8,5/13/2021 8:00,418188,403630,6973,3630,3955,,,,785,7585,591,1087,5013,1485,,,,,,,,,,,,
5/14/2021,8,5/14/2021 8:00,418820,404187,7003,3502,4128,,,,632,7630,557,1294,5929,407,,,,,,,,,,,,
5/15/2021,8,5/15/2021 8:00,419047,404715,7066,3288,3978,,,,227,7266,528,6055,637,574,,,,,,,,,,,,
5/16/2021,8,5/16/2021 8:00,419208,404980,7082,3189,3957,,,,161,7146,265,1145,5333,668,,,,,,,,,,,,
5/17/2021,8,5/17/2021 8:00,419629,405229,7107,3158,4135,,,,421,7293,249,1235,5834,224,,,,,,,,,,,,
5/18/2021,8,5/18/2021 8:00,419920,405357,7130,3248,4185,,,,291,7433,128,1219,5793,421,,,,,,,,,,,,
5/19/2021,8,5/19/2021 8:00,420459,405535,7149,3366,4409,,,,539,7775,178,1195,5818,762,,,,,,,,,,,,
5/20/2021,8,5/20/2021 8:00,421354,405714,7169,3797,4674,,,,895,8471,179,1312,6599,560,,,,,,,,,,,,
5/21/2021,8,5/21/2021 8:00,422210,405918,7184,4142,4966,,,,856,9108,204,1306,6655,1147,,,,,,,,,,,,
5/22/2021,8,5/22/2021 8:00,423142,406300,7196,4386,5260,,,,932,9646,382,1556,7514,576,,,,,,,,,,,,
5/23/2021,8,5/23/2021 8:00,424009,406669,7207,4744,5389,,,,867,10133,369,1479,7469,1185,,,,,,,,,,,,
5/24/2021,8,5/24/2021 8:00,424828,406987,7225,5079,5537,,,,819,10616,318,1837,8217,562,,,,,,,,,,,,
5/25/2021,8,5/25/2021 8:00,425212,407493,7239,5017,5463,,,,384,10480,506,1737,7878,865,,,,,,,,,,,,
5/26/2021,8,5/26/2021 8:00,425829,408019,7250,4993,5567,,,,617,10560,526,1619,7619,1322,,,,,,,,,,,,
5/27/2021,8,5/27/2021 8:00,426769,408585,7271,5280,5633,,,,940,10913,566,1937,8364,612,,,,,,,,,,,,
5/28/2021,8,5/28/2021 8:00,427462,409497,7288,5161,5516,,,,693,10677,912,1658,7859,1160,,,,,,,,,,,,
5/29/2021,8,5/29/2021 8:00,428269,410508,7296,5004,5461,,,,807,10465,1011,1557,7184,1724,,,,,,,,,,,,
5/30/2021,8,5/30/2021 8:00,429333,411495,7309,5100,5429,,,,1064,10529,987,1375,6661,2493,,,,,,,,,,,,
5/31/2021,8,5/31/2021 8:00,430059,412074,7327,5241,5417,,,,726,10658,579,2117,8023,518,,,,,,,,,,,,
6/1/2021,8,6/1/2021 8:00,430578,412593,7349,5214,5422,,,,519,10636,519,1996,7706,934,,,,,,,,,,,,
6/2/2021,8,6/2/2021 8:00,431179,413179,7361,5178,5461,,,,601,10639,586,1951,7330,1358,,,,,,,,,,,,
6/3/2021,8,6/3/2021 8:00,431893,413680,7381,5402,5430,,,,714,10832,501,1811,7116,1905,,,,,,,,,,,,
6/4/2021,8,6/4/2021 8:00,432799,414496,7402,5414,5487,,,,906,10901,816,2618,7650,633,,,,,,,,,,,,
6/5/2021,8,6/5/2021 8:00,434116,415317,7423,5756,5620,,,,1317,11376,821,2404,7279,1693,,,,,,,,,,,,
6/6/2021,8,6/6/2021 8:00,435135,416181,7438,5966,5550,,,,1019,11516,864,1901,7135,2480,,,,,,,,,,,,
6/7/2021,8,6/7/2021 8:00,436332,416994,7457,6261,5620,,,,1197,11881,813,2412,8576,893,,,,,,,,,,,,
6/8/2021,8,6/8/2021 8:00,437087,417997,7478,6057,5555,,,,755,11612,1003,2186,7949,1477,,,,,,,,,,,,
6/9/2021,8,6/9/2021 8:00,438458,419109,7499,6120,5730,,,,1371,11850,1112,1992,7270,2588,,,,,,,,,,,,
6/10/2021,8,6/10/2021 8:00,440554,420211,7523,6991,5829,,,,2096,12820,1102,1789,6881,4150,,,,,,,,,,,,
6/11/2021,8,6/11/2021 8:00,442847,421396,7543,7750,6158,,,,2293,13908,1185,1456,6442,6010,,,,,,,,,,,,
6/12/2021,8,6/12/2021 8:00,445302,422121,7557,8855,6769,,,,2455,15624,725,1289,6395,7940,,,,,,,,,,,,
6/13/2021,8,6/13/2021 8:00,448071,423056,7571,10034,7410,,,,2769,17444,935,1117,6352,9975,,,,,,,,,,,,
6/14/2021,8,6/14/2021 8:00,450793,424088,7609,11240,7856,,,,2722,19096,1032,4032,13945,1119,,,,,,,,,,,,
6/15/2021,8,6/15/2021 8:00,452295,425417,7634,11102,8142,,,,1502,19244,1329,3746,13108,2390,,,,,,,,,,,,
6/16/2021,8,6/16/2021 8:00,454671,426695,7665,11555,8756,,,,2376,20311,1278,3458,12419,4434,,,,,,,,,,,,
6/17/2021,8,6/17/2021 8:00,458815,428764,7713,13054,9284,,,,4144,22338,2069,2882,11788,7668,,,,,,,,,,,,
6/18/2021,8,6/18/2021 8:00,463552,431264,7777,14951,9560,,,,4737,24511,2500,2531,10655,11325,,,,,,,,,,,,
6/19/2021,8,6/19/2021 8:00,468447,433499,7836,16787,10325,,,,4895,27112,2235,1840,9740,15532,,,,,,,,,,,,
6/20/2021,8,6/20/2021 8:00,474029,435982,7905,19105,11037,,,,5582,30142,2483,1325,8734,20083,,,,,,,,,,,,
6/21/2021,8,6/21/2021 8:00,479043,439007,7976,20717,11343,,,,5014,32060,3025,8039,19670,4351,,,,,,,,,,,,
6/22/2021,8,6/22/2021 8:00,482264,442059,8014,21167,11024,,,,3221,32191,3052,6351,16241,9599,,,,,,,,,,,,
6/23/2021,8,6/23/2021 8:00,486957,443195,8057,22868,12837,,,,4693,35705,1136,6163,15906,13636,,,,,,,,,,,,
6/24/2021,8,6/24/2021 8:00,494462,445718,8107,26403,14234,,,,7505,40637,2523,5567,15624,19446,,,,,,,,,,,,
6/25/2021,8,6/25/2021 8:00,501396,448288,8177,29325,15606,,,,6934,44931,2570,5170,14668,25093,,,,,,,,,,,,
6/26/2021,8,6/26/2021 8:00,510667,451013,8220,33829,17605,,,,9271,51434,2725,4381,14547,32506,,,,,,,,,,,,
6/27/2021,8,6/27/2021 8:00,520061,454497,8269,38464,18831,,,,9394,57295,3484,3484,13789,40022,,,,,,,,,,,,
6/28/2021,8,6/28/2021 8:00,528409,457935,8348,42252,19874,,,,8348,62126,3438,17144,29461,15521,,,,,,,,,,,,
6/29/2021,8,6/29/2021 8:00,535788,461439,8426,45504,20419,,,,7379,65923,3504,15706,28925,21292,,,,,,,,,,,,
6/30/2021,8,6/30/2021 8:00,543468,464943,8486,47829,22210,,,,7680,70039,3504,14940,27514,27585,,,,,,,,,,,,
7/1/2021,8,7/1/2021 8:00,551009,468461,8528,49836,24184,,,,7541,74020,3518,13902,26151,33967,,,,,,,,,,,,
7/2/2021,8,7/2/2021 8:00,560408,473467,8547,53014,25380,,,,9399,78394,5006,12103,25076,41215,,,,,,,,,,,,
7/3/2021,8,7/3/2021 8:00,570110,479150,8577,54941,27442,,,,9702,82383,5683,11310,21941,49132,,,,,,,,,,,,
7/4/2021,8,7/4/2021 8:00,580595,484949,8652,59307,27687,,,,10485,86994,5799,8799,20101,58094,,,,,,,,,,,,
7/5/2021,8,7/5/2021 8:00,591498,491556,8779,62873,28290,,,,10903,91163,6607,7598,20096,63469,,,,,,,,,,,,
7/6/2021,8,7/6/2021 8:00,600937,497492,8861,65448,29136,,,,9439,94584,5936,18451,60476,15657,,,,,,,,,,,,
7/7/2021,8,7/7/2021 8:00,610303,501199,9042,69644,30418,,,,9366,100062,3707,18376,57521,24165,,,,,,,,,,,,
7/8/2021,8,7/8/2021 8:00,623277,512085,9110,72361,29721,,,,12974,102082,10886,14748,50824,36510,,,,,,,,,,,,
7/9/2021,8,7/9/2021 8:00,636389,526941,9306,73239,26903,,,,13112,100142,14856,10095,40727,49320,,,,,,,,,,,,
7/10/2021,8,7/10/2021 8:00,649309,543867,9357,71812,24273,,,,12920,96085,16926,7999,26379,61707,,,,,,,,,,,,
7/11/2021,8,7/11/2021 8:00,662442,564437,9395,68251,20359,,,,13133,88610,20570,4769,12893,70948,,,,,,,,,,,,
